timestamp,price
2026-08-14 03:00:00,63422.04788788586
2026-08-14 04:00:00,63277.505851880036
2026-08-14 05:00:00,63311.36450145151
2026-08-14 06:00:00,63351.88300325618
2026-08-14 07:00:00,62915.42176685937
2026-08-14 08:00:00,62871.97528092776
2026-08-14 09:00:00,62874.788984946375
2026-08-14 10:00:00,62718.49376116481
2026-08-14 11:00:00,62752.77530783759
2026-08-14 12:00:00,62822.24207508047
2026-08-14 13:00:00,62675.53203107954
2026-08-14 14:00:00,62575.57300838414
2026-08-14 15:00:00,62575.05117640368
2026-08-14 16:00:00,62938.94185062359
2026-08-14 17:00:00,63074.16141661424
2026-08-14 18:00:00,62947.83733432764
2026-08-14 19:00:00,62863.41493276841
2026-08-14 20:00:00,62899.16125413761
2026-08-14 21:00:00,62848.73561827566
2026-08-14 22:00:00,62864.91750277205
2026-08-14 23:00:00,62829.82451631032
2026-08-15 00:00:00,62984.28959582886
2026-08-15 01:00:00,62959.020399589834
2026-08-15 02:00:00,62984.560804532324
2026-08-15 03:00:00,63075.20954725237
2026-08-15 04:00:00,62993.64686315622
2026-08-15 05:00:00,63064.461933311264
2026-08-15 06:00:00,63029.88219350657
2026-08-15 07:00:00,63056.18471238017
2026-08-15 08:00:00,63020.41823015727
2026-08-15 09:00:00,62879.52138602643
2026-08-15 10:00:00,62968.70612462649
2026-08-15 11:00:00,62980.93432376597
2026-08-15 12:00:00,62959.89459290653
2026-08-15 13:00:00,62986.960981818425
2026-08-15 14:00:00,62996.31237232209
2026-08-15 15:00:00,62981.664765813024
2026-08-15 16:00:00,63041.13901639061
2026-08-15 17:00:00,63037.00396331667
2026-08-15 18:00:00,63008.94500446156
2026-08-15 19:00:00,62993.70114557048
2026-08-15 20:00:00,63063.40824351767
2026-08-15 21:00:00,63043.359786471054
2026-08-15 22:00:00,63099.90357904285
2026-08-15 23:00:00,63076.88847073649
2026-08-16 00:00:00,63031.04825975698
2026-08-16 01:00:00,63026.59822523408
2026-08-16 02:00:00,63024.52145938261
2026-08-16 03:00:00,63068.423175346055
2026-08-16 04:00:00,63074.58460926518
2026-08-16 05:00:00,63041.31239712379
2026-08-16 06:00:00,63012.24310239301
2026-08-16 07:00:00,63015.2386910052
2026-08-16 08:00:00,63007.2882354478
2026-08-16 09:00:00,63016.681736113525
2026-08-16 10:00:00,62938.045504395865
2026-08-16 11:00:00,62954.007865844076
2026-08-16 12:00:00,62955.61808621155
2026-08-16 13:00:00,62964.78297594083
2026-08-16 14:00:00,63005.698278632524
2026-08-16 15:00:00,63045.45440142677
2026-08-16 16:00:00,63086.1217944101
2026-08-16 17:00:00,63201.049074677474
2026-08-16 18:00:00,63100.98084291131
2026-08-16 19:00:00,63087.15019059952
2026-08-16 20:00:00,63056.452393376916
2026-08-16 21:00:00,63013.630293589886
2026-08-16 22:00:00,62894.59271109232
2026-08-16 23:00:00,62837.382987077195
2026-08-17 00:00:00,62843.70368466329
2026-08-17 01:00:00,62856.40917575992
2026-08-17 02:00:00,63069.34140921656
2026-08-17 03:00:00,63350.1906229179
2026-08-17 04:00:00,63396.47170987772
2026-08-17 05:00:00,63489.131405128144
2026-08-17 06:00:00,63467.90027489531
2026-08-17 07:00:00,63607.93511526065
2026-08-17 08:00:00,63481.535981923385
2026-08-17 09:00:00,63326.431998602755
2026-08-17 10:00:00,63261.753456538805
2026-08-17 11:00:00,63612.58725649707
2026-08-17 12:00:00,63566.842736501225
2026-08-17 13:00:00,63496.76290564356
2026-08-17 14:00:00,63598.70569612954
2026-08-17 15:00:00,63818.55305981763
2026-08-17 16:00:00,64142.28936613087
2026-08-17 17:00:00,64057.6832839486
2026-08-17 18:00:00,64278.142511779304
2026-08-17 19:00:00,64371.149002416234
2026-08-17 20:00:00,64241.03743533318
2026-08-17 21:00:00,64341.446093494706
2026-08-17 22:00:00,64333.108425393846
2026-08-17 23:00:00,64239.05708328847
2026-08-18 00:00:00,64491.345282946255
2026-08-18 01:00:00,64321.133481444536
2026-08-18 02:00:00,64142.37370958817
2026-08-18 03:00:00,64043.438153160605
2026-08-18 04:00:00,64121.610806267905
2026-08-18 05:00:00,64152.4092356144
2026-08-18 06:00:00,64181.797885533524
2026-08-18 07:00:00,64259.768446518225
2026-08-18 08:00:00,64141.5681057857
2026-08-18 09:00:00,64217.99410529414
2026-08-18 10:00:00,64113.131516149195
2026-08-18 11:00:00,64143.146452954694
2026-08-18 12:00:00,64283.73806375364
2026-08-18 13:00:00,64157.62131397192
2026-08-18 14:00:00,64165.81470769047
2026-08-18 15:00:00,64693.18187463143
2026-08-18 16:00:00,64817.622769279034
2026-08-18 17:00:00,64790.82377426676
2026-08-18 18:00:00,64633.935075403606
2026-08-18 19:00:00,64735.12660587504
2026-08-18 20:00:00,64608.08190950003
2026-08-18 21:00:00,64547.98463837647
2026-08-18 22:00:00,64560.88328806326
2026-08-18 23:00:00,64595.783635717016
2026-08-19 00:00:00,64686.25782561655
2026-08-19 01:00:00,64452.31711578264
2026-08-19 02:00:00,64358.657923674895
2026-08-19 03:00:00,64307.0555094849
2026-08-19 04:00:00,64282.74748343018
2026-08-19 05:00:00,64269.98266265912
2026-08-19 06:00:00,64196.773428830034
2026-08-19 07:00:00,64292.979289674884
2026-08-19 08:00:00,64249.82027485047
2026-08-19 09:00:00,64368.06288435155
2026-08-19 10:00:00,64373.182382151004
2026-08-19 11:00:00,64400.501085684926
2026-08-19 12:00:00,64463.48880683975
2026-08-19 13:00:00,64817.74091095421
2026-08-19 14:00:00,64988.84033830409
2026-08-19 15:00:00,65888.13114700055
2026-08-19 16:00:00,68529.2604448789
2026-08-19 17:00:00,68446.0506654718
2026-08-19 18:00:00,68177.48759530894
2026-08-19 19:00:00,68363.69093179365
2026-08-19 20:00:00,68413.7738008957
2026-08-19 21:00:00,69051.13834939648
2026-08-19 22:00:00,69709.88783908814
2026-08-19 23:00:00,69221.13960793983
2026-08-20 00:00:00,69291.0104297816
2026-08-20 01:00:00,69371.09419653316
2026-08-20 02:00:00,69678.75316831222
2026-08-20 03:00:00,69254.31368667162
2026-08-20 04:00:00,69147.02249937781
2026-08-20 05:00:00,69447.45529598776
2026-08-20 06:00:00,69357.96397327346
2026-08-20 07:00:00,69805.54705248833
2026-08-20 08:00:00,69760.08785312675
2026-08-20 09:00:00,71557.12878114937
2026-08-20 10:00:00,71725.38179193603
2026-08-20 11:00:00,71925.06682629428
2026-08-20 12:00:00,71877.57267444955
2026-08-20 13:00:00,71889.217266767
2026-08-20 14:00:00,71618.68288965462
2026-08-20 15:00:00,71748.96417152091
2026-08-20 16:00:00,72425.67227407642
2026-08-20 17:00:00,72784.72068116134
2026-08-20 18:00:00,72758.30528271197
2026-08-20 19:00:00,72408.47169123203
2026-08-20 20:00:00,72643.17015936306
2026-08-20 21:00:00,72642.87853789292
2026-08-20 22:00:00,72720.75785176031
2026-08-20 23:00:00,72660.83666004494
2026-08-21 00:00:00,73020.94563440893
2026-08-21 01:00:00,73668.68338381291
2026-08-21 02:00:00,75093.24557294855
2026-08-21 03:00:00,74403.43561267677
2026-08-21 04:00:00,74501.33277079568
2026-08-21 05:00:00,74976.42430989878
2026-08-21 06:00:00,75401.27314952141
2026-08-21 07:00:00,75589.61110387047
2026-08-21 08:00:00,76264.24750920974
2026-08-21 09:00:00,79217.9483974556
2026-08-21 10:00:00,77864.10497946087
2026-08-21 11:00:00,77794.118340972
2026-08-21 12:00:00,76713.5634569039
2026-08-21 13:00:00,77182.33751655415
2026-08-21 14:00:00,77240.58586265544
2026-08-21 15:00:00,77342.40360768468
2026-08-21 16:00:00,77191.7297405987
2026-08-21 17:00:00,77463.76264787953
2026-08-21 18:00:00,77375.10851594472
2026-08-21 19:00:00,77076.68038587937
2026-08-21 20:00:00,77019.47423910756
2026-08-21 21:00:00,77469.94144228443
2026-08-21 22:00:00,78492.97073193404
2026-08-21 23:00:00,78447.00174629269
2026-08-22 00:00:00,78317.77716345884
2026-08-22 01:00:00,77924.47841173135
2026-08-22 02:00:00,77861.62585151519
2026-08-22 03:00:00,78450.87361456598
2026-08-22 04:00:00,78416.76241519109
2026-08-22 05:00:00,78459.51007247694
2026-08-22 06:00:00,77357.59793471967
2026-08-22 07:00:00,77467.10685228396
2026-08-22 08:00:00,77278.78002614668
2026-08-22 09:00:00,77181.36893842522
2026-08-22 10:00:00,77033.02620193096
2026-08-22 11:00:00,76956.59153941978
2026-08-22 12:00:00,77108.11920139303
2026-08-22 13:00:00,77293.99101326858
2026-08-22 14:00:00,77276.14980501754
2026-08-22 15:00:00,76987.90262084498
2026-08-22 16:00:00,76964.49140518492
2026-08-22 17:00:00,77292.8831428596
2026-08-22 18:00:00,77266.89526794103
2026-08-22 19:00:00,77231.22250751803
2026-08-22 20:00:00,77413.69625242811
2026-08-22 21:00:00,77304.87657970993
2026-08-22 22:00:00,76854.12177327243
2026-08-22 23:00:00,76998.18180233128
2026-08-23 00:00:00,77081.02299000922
2026-08-23 01:00:00,77290.19616788143
2026-08-23 02:00:00,77177.16566896404
2026-08-23 03:00:00,77064.85571990619
2026-08-23 04:00:00,76922.75881020405
2026-08-23 05:00:00,76603.68260333966
2026-08-23 06:00:00,76083.9882392138
2026-08-23 07:00:00,76081.55334508924
2026-08-23 08:00:00,75971.01505121416
2026-08-23 09:00:00,76465.84871139617
2026-08-23 10:00:00,76544.84171512509
2026-08-23 11:00:00,76776.90646869465
2026-08-23 12:00:00,77292.24300322762
2026-08-23 13:00:00,77197.80300407711
2026-08-23 14:00:00,77466.11997569115
2026-08-23 15:00:00,77164.3936869177
2026-08-23 16:00:00,77160.89722861466
2026-08-23 17:00:00,77413.88248105405
2026-08-23 18:00:00,77191.31549393748
2026-08-23 19:00:00,77326.15251540612
2026-08-23 20:00:00,77329.71083204656
2026-08-23 21:00:00,77394.20563765302
2026-08-23 22:00:00,77825.21064991705
2026-08-23 23:00:00,77588.632845203
2026-08-24 00:00:00,77712.3200924702
2026-08-24 01:00:00,77653.79804479145
2026-08-24 02:00:00,76945.96840911577
2026-08-24 03:00:00,77457.84242039738
2026-08-24 04:00:00,76947.53018623627
2026-08-24 05:00:00,76869.96454486565
2026-08-24 06:00:00,77147.65700118034
2026-08-24 07:00:00,77456.55690404038
2026-08-24 08:00:00,77294.09640124028
2026-08-24 09:00:00,77013.63410094751
2026-08-24 10:00:00,77527.46226157369
2026-08-24 11:00:00,77595.54488263429
2026-08-24 12:00:00,78344.16814933078
2026-08-24 13:00:00,79133.98779733223
2026-08-24 14:00:00,78563.89035232773
2026-08-24 15:00:00,79458.02372190669
2026-08-24 16:00:00,79027.40904999354
2026-08-24 17:00:00,79041.8506333722
2026-08-24 18:00:00,78747.19585805369
2026-08-24 19:00:00,78924.08457973282
2026-08-24 20:00:00,78745.95444275552
2026-08-24 21:00:00,78912.78244129632
2026-08-24 22:00:00,78965.23807968173
2026-08-24 23:00:00,78727.75628402238
2026-08-25 00:00:00,78973.88693602335
2026-08-25 01:00:00,79726.56639658313
2026-08-25 02:00:00,79798.96543790487
2026-08-25 03:00:00,80638.19676744967
2026-08-25 04:00:00,80454.83096255799
2026-08-25 05:00:00,80332.74384336048
2026-08-25 06:00:00,80697.54254113196
2026-08-25 07:00:00,80526.82298900929
2026-08-25 08:00:00,79722.30111409762
2026-08-25 09:00:00,79907.40421315166
2026-08-25 10:00:00,79156.6318959654
2026-08-25 11:00:00,79297.49284303172
2026-08-25 12:00:00,79117.66650635944
2026-08-25 13:00:00,78972.97408414057
2026-08-25 14:00:00,78600.91532693956
2026-08-25 15:00:00,79223.1721233044
2026-08-25 16:00:00,79498.8934370439
2026-08-25 17:00:00,79140.47886151345
2026-08-25 18:00:00,79230.95939211696
2026-08-25 19:00:00,79124.339918888
2026-08-25 20:00:00,78924.6713913788
2026-08-25 21:00:00,78199.0582107816
2026-08-25 22:00:00,78566.13452229745
2026-08-25 23:00:00,78879.4177779762
2026-08-26 00:00:00,78511.2331116067
2026-08-26 01:00:00,78625.61544180397
2026-08-26 02:00:00,78811.09430064046
2026-08-26 03:00:00,79096.82822982507
2026-08-26 04:00:00,79069.0901403206
2026-08-26 05:00:00,78815.58561628273
2026-08-26 06:00:00,79060.71623282021
2026-08-26 07:00:00,78930.1698975655
2026-08-26 08:00:00,78913.1467133613
2026-08-26 09:00:00,78675.50711949496
2026-08-26 10:00:00,78423.32059652456
2026-08-26 11:00:00,78712.43221920858
2026-08-26 12:00:00,78472.10325182501
2026-08-26 13:00:00,78325.11196243031
2026-08-26 14:00:00,78436.34785342895
2026-08-26 15:00:00,77778.81759411356
2026-08-26 16:00:00,78011.0248049709
2026-08-26 17:00:00,77992.9645061395
2026-08-26 18:00:00,78425.3872558423
2026-08-26 19:00:00,78462.78992712124
2026-08-26 20:00:00,78454.8306474836
2026-08-26 21:00:00,78443.5651838574
2026-08-26 22:00:00,78706.17814257603
2026-08-26 23:00:00,78708.99798302965
2026-08-27 00:00:00,79018.03405750773
2026-08-27 01:00:00,78702.39106385609
2026-08-27 02:00:00,78906.21090289645
2026-08-27 03:00:00,78717.16727941387
2026-08-27 04:00:00,78817.00293207057
2026-08-27 05:00:00,78761.6101358522
2026-08-27 06:00:00,78872.10921659994
2026-08-27 07:00:00,78800.49362607743
2026-08-27 08:00:00,79074.23394794346
2026-08-27 09:00:00,79691.28956416981
2026-08-27 10:00:00,79981.02030000853
2026-08-27 11:00:00,79596.88892982739
2026-08-27 12:00:00,79479.42013840542
2026-08-27 13:00:00,79292.77437944377
2026-08-27 14:00:00,79512.64023477088
2026-08-27 15:00:00,80190.32101475948
2026-08-27 16:00:00,80329.18870706021
2026-08-27 17:00:00,80381.45508232129
2026-08-27 18:00:00,80453.84935448112
2026-08-27 19:00:00,80122.89392879306
2026-08-27 20:00:00,79938.27018342797
2026-08-27 21:00:00,80083.09621459675
2026-08-27 22:00:00,80181.41607946662
2026-08-27 23:00:00,80297.0041788454
2026-08-28 00:00:00,80268.37474707834
2026-08-28 01:00:00,80591.31114455192
2026-08-28 02:00:00,80500.65742009522
2026-08-28 03:00:00,79935.57059402476
2026-08-28 04:00:00,79818.12475925282
2026-08-28 05:00:00,79647.27780794752
2026-08-28 06:00:00,79696.44412894675
2026-08-28 07:00:00,79911.61337955634
2026-08-28 08:00:00,79687.2427995466
2026-08-28 09:00:00,79513.04910479934
2026-08-28 10:00:00,79292.20300894548
2026-08-28 11:00:00,79557.5601810478
2026-08-28 12:00:00,79600.2788053087
2026-08-28 13:00:00,79407.60449431959
2026-08-28 14:00:00,79438.06518585574
2026-08-28 15:00:00,79607.76745531596
2026-08-28 16:00:00,78370.57900691858
2026-08-28 17:00:00,77798.28323867955
2026-08-28 18:00:00,77896.96429182867
2026-08-28 19:00:00,77532.27507668122
2026-08-28 20:00:00,77528.00468786708
2026-08-28 21:00:00,77398.34418104916
2026-08-28 22:00:00,77346.05408680951
2026-08-28 23:00:00,77738.78291524075
2026-08-29 00:00:00,77820.76428719184
2026-08-29 01:00:00,77727.30394647292
2026-08-29 02:00:00,77790.60032689421
2026-08-29 03:00:00,77669.86720102842
2026-08-29 04:00:00,77512.81226451545
2026-08-29 05:00:00,77645.86029492349
2026-08-29 06:00:00,77629.1915003392
2026-08-29 07:00:00,77461.03011140913
2026-08-29 08:00:00,77634.23863196258
2026-08-29 09:00:00,77634.0205335061
2026-08-29 10:00:00,77649.82587406744
2026-08-29 11:00:00,77644.01867275102
2026-08-29 12:00:00,77583.93504642752
2026-08-29 13:00:00,77583.37579710639
2026-08-29 14:00:00,77699.90411195564
2026-08-29 15:00:00,78010.76127895089
2026-08-29 16:00:00,77856.29959887669
2026-08-29 17:00:00,78020.82329523691
2026-08-29 18:00:00,78078.6121720806
2026-08-29 19:00:00,78157.9775371948
2026-08-29 20:00:00,78176.76687159947
2026-08-29 21:00:00,78124.8062583233
2026-08-29 22:00:00,78156.64522669006
2026-08-29 23:00:00,78221.78563841502
2026-08-30 00:00:00,78225.13950818499
2026-08-30 01:00:00,78184.082081203
2026-08-30 02:00:00,78074.69310281289
2026-08-30 03:00:00,78102.99055280742
2026-08-30 04:00:00,78140.31358520618
2026-08-30 05:00:00,78098.43955847349
2026-08-30 06:00:00,78124.3509411007
2026-08-30 07:00:00,78274.40362063059
2026-08-30 08:00:00,78116.43763229004
2026-08-30 09:00:00,78068.84562281353
2026-08-30 10:00:00,78002.45447823798
2026-08-30 11:00:00,78133.05344833987
2026-08-30 12:00:00,78152.86598904736
2026-08-30 13:00:00,78735.78429730616
2026-08-30 14:00:00,78858.0653239032
2026-08-30 15:00:00,78776.41086229906
2026-08-30 16:00:00,78808.51221668017
2026-08-30 17:00:00,79316.04886350794
2026-08-30 18:00:00,79003.09297584732
2026-08-30 19:00:00,79022.03995992609
2026-08-30 20:00:00,78846.40212817515
2026-08-30 21:00:00,78587.38166673134
2026-08-30 22:00:00,78640.12513815566
2026-08-30 23:00:00,78415.92036320959
2026-08-31 00:00:00,77658.23133225394
2026-08-31 01:00:00,77910.28168235716
2026-08-31 02:00:00,77619.19490947893
2026-08-31 03:00:00,77453.7976096339
2026-08-31 04:00:00,77740.1492283802
2026-08-31 05:00:00,77612.73280724128
2026-08-31 06:00:00,77990.41768119356
2026-08-31 07:00:00,78077.85980076663
2026-08-31 08:00:00,78183.05727955054
2026-08-31 09:00:00,78465.9818304446
2026-08-31 10:00:00,78501.69227668509
2026-08-31 11:00:00,78669.88490276886
2026-08-31 12:00:00,78282.14198817499
2026-08-31 13:00:00,77902.4125035204
2026-08-31 14:00:00,77841.57927993884
2026-08-31 15:00:00,78590.3128650354
2026-08-31 16:00:00,78554.14249397103
2026-08-31 17:00:00,78623.47336005233
2026-08-31 18:00:00,78871.16683070223
2026-08-31 19:00:00,79029.07045078847
2026-08-31 20:00:00,78899.17790827646
2026-08-31 21:00:00,78848.31861249713
2026-08-31 22:00:00,78955.16797650147
2026-08-31 23:00:00,78557.79779181909
2026-09-01 00:00:00,78552.77932895812
2026-09-01 01:00:00,78630.13146043592
2026-09-01 02:00:00,78349.119390689
2026-09-01 03:00:00,78421.83031494952
2026-09-01 04:00:00,78660.94843747084
2026-09-01 05:00:00,78698.40414375108
2026-09-01 06:00:00,79133.60153164144
2026-09-01 07:00:00,78720.23655912721
2026-09-01 08:00:00,78612.90671691917
2026-09-01 09:00:00,77869.1642668092
2026-09-01 10:00:00,77891.45238039519
2026-09-01 11:00:00,78010.95910528673
2026-09-01 12:00:00,78067.53602493987
2026-09-01 13:00:00,77981.92348502502
2026-09-01 14:00:00,78045.63777896867
2026-09-01 15:00:00,78137.78899466433
2026-09-01 16:00:00,77901.28356473117
2026-09-01 17:00:00,77571.78044504458
2026-09-01 18:00:00,77246.12980665805
2026-09-01 19:00:00,77112.94064912885
2026-09-01 20:00:00,77269.91226365861
2026-09-01 21:00:00,77410.46777948707
2026-09-01 22:00:00,77174.47553625521
2026-09-01 23:00:00,77240.801579754
2026-09-02 00:00:00,77416.44110979848
2026-09-02 01:00:00,77170.39523887339
2026-09-02 02:00:00,76967.63489333939
2026-09-02 03:00:00,77275.44455077226
2026-09-02 04:00:00,77523.3387885885
2026-09-02 05:00:00,77525.92756163293
2026-09-02 06:00:00,77632.80046430147
2026-09-02 07:00:00,77561.76741171286
2026-09-02 08:00:00,77448.16293594704
2026-09-02 09:00:00,76818.96132512593
2026-09-02 10:00:00,76706.59368071826
2026-09-02 11:00:00,76632.61833148886
2026-09-02 12:00:00,76772.82018721351
2026-09-02 13:00:00,76591.45163344304
2026-09-02 14:00:00,77070.68654324919
2026-09-02 15:00:00,77019.25544923359
2026-09-02 16:00:00,77243.74217047928
2026-09-02 17:00:00,77155.47647840958
2026-09-02 18:00:00,77341.09170526761
2026-09-02 19:00:00,77336.11227500642
2026-09-02 20:00:00,77285.9454900689
2026-09-02 21:00:00,77385.59112907
2026-09-02 22:00:00,77258.17095018033
2026-09-02 23:00:00,77004.75414720885
2026-09-03 00:00:00,77297.13347191992
2026-09-03 01:00:00,77043.200415925
2026-09-03 02:00:00,77328.67603522998
2026-09-03 03:00:00,77776.26490321505
2026-09-03 04:00:00,77681.57571419993
2026-09-03 05:00:00,77735.13621215663
2026-09-03 06:00:00,77777.01387300041
2026-09-03 07:00:00,77792.64435816841
2026-09-03 08:00:00,77634.32543949968
2026-09-03 09:00:00,77810.4954472119
2026-09-03 10:00:00,77584.78971480542
2026-09-03 11:00:00,77700.31017955823
2026-09-03 12:00:00,77913.14094439356
2026-09-03 13:00:00,78635.8198277505
2026-09-03 14:00:00,78780.20188484156
2026-09-03 15:00:00,80503.98990012161
2026-09-03 16:00:00,81321.7073624723
2026-09-03 17:00:00,80958.76413522735
2026-09-03 18:00:00,81037.20517412091
2026-09-03 19:00:00,81244.43792979473
2026-09-03 20:00:00,81731.27627363407
2026-09-03 21:00:00,81468.78623999904
2026-09-03 22:00:00,81599.03754394985
2026-09-03 23:00:00,81142.27254272846
2026-09-04 00:00:00,81264.70153038795
2026-09-04 01:00:00,80984.70052847588
2026-09-04 02:00:00,80969.99953830658
2026-09-04 03:00:00,80812.35052737984
2026-09-04 04:00:00,80855.6007824934
2026-09-04 05:00:00,81055.85296434356
2026-09-04 06:00:00,80982.60774336972
2026-09-04 07:00:00,80775.9080604573
2026-09-04 08:00:00,80638.3779699146
2026-09-04 09:00:00,81129.17782120455
2026-09-04 10:00:00,81049.94245952881
2026-09-04 11:00:00,81166.63283313578
2026-09-04 12:00:00,81222.97676673981
2026-09-04 13:00:00,79438.20975066516
2026-09-04 14:00:00,79362.52222701395
2026-09-04 15:00:00,78918.77058040584
2026-09-04 16:00:00,79411.2566301278
2026-09-04 17:00:00,79753.14168349805
2026-09-04 18:00:00,79478.53536802711
2026-09-04 19:00:00,79623.42306987401
2026-09-04 20:00:00,79779.29611442194
2026-09-04 21:00:00,79706.25394282232
2026-09-04 22:00:00,79649.90012856525
2026-09-04 23:00:00,79648.8752251388
2026-09-05 00:00:00,79671.25767420157
2026-09-05 01:00:00,79593.020767888
2026-09-05 02:00:00,79547.32656799363
2026-09-05 03:00:00,79577.31078765137
2026-09-05 04:00:00,79591.52525925986
2026-09-05 05:00:00,79513.2875742262
2026-09-05 06:00:00,79586.59732593811
2026-09-05 07:00:00,79657.8072660828
2026-09-05 08:00:00,79711.96673205243
2026-09-05 09:00:00,79647.88200438251
2026-09-05 10:00:00,79626.99964778067
2026-09-05 11:00:00,79624.2235567454
2026-09-05 12:00:00,79616.72878630973
2026-09-05 13:00:00,79713.129978018
2026-09-05 14:00:00,79617.56064482199
2026-09-05 15:00:00,79730.88136501185
2026-09-05 16:00:00,79803.39493926977
2026-09-05 17:00:00,80053.61256468344
2026-09-05 18:00:00,80045.27884672082
2026-09-05 19:00:00,79987.72340498707
2026-09-05 20:00:00,79757.93033702066
2026-09-05 21:00:00,79741.22436343327
2026-09-05 22:00:00,79909.49573147147
2026-09-05 23:00:00,79781.05895269189
2026-09-06 00:00:00,79821.69873179746
2026-09-06 01:00:00,79886.77458177783
2026-09-06 02:00:00,79959.30436655713
2026-09-06 03:00:00,79906.5630995094
2026-09-06 04:00:00,80026.31967167041
2026-09-06 05:00:00,79862.90595561713
2026-09-06 06:00:00,79971.37099232111
2026-09-06 07:00:00,79772.81701990326
2026-09-06 08:00:00,79811.52488960416
2026-09-06 09:00:00,79835.09901045753
2026-09-06 10:00:00,79878.78090091703
2026-09-06 11:00:00,80001.87569426838
2026-09-06 12:00:00,79911.77981667651
2026-09-06 13:00:00,79918.62682851448
2026-09-06 14:00:00,79806.90665184474
2026-09-06 15:00:00,79526.7967398626
2026-09-06 16:00:00,79707.92574611641
2026-09-06 17:00:00,79668.64531446325
2026-09-06 18:00:00,79730.84512060262
2026-09-06 19:00:00,79944.44972766159
2026-09-06 20:00:00,79814.59046924824
2026-09-06 21:00:00,79896.32558416478
2026-09-06 22:00:00,79935.95559040409
2026-09-06 23:00:00,80046.70819196723
2026-09-07 00:00:00,80329.3478460037
2026-09-07 01:00:00,80112.92063846144
2026-09-07 02:00:00,79916.55232204411
2026-09-07 03:00:00,79848.98832803365
2026-09-07 04:00:00,79588.86534996543
2026-09-07 05:00:00,79705.86589525286
2026-09-07 06:00:00,79750.33195508539
2026-09-07 07:00:00,79647.51433159942
2026-09-07 08:00:00,79387.15132574705
2026-09-07 09:00:00,79428.24100456157
2026-09-07 10:00:00,79313.08685339912
2026-09-07 11:00:00,79353.98413473983
2026-09-07 12:00:00,79414.25257135955
2026-09-07 13:00:00,79589.28552673887
2026-09-07 14:00:00,79334.9461697575
2026-09-07 15:00:00,79180.43723886288
2026-09-07 16:00:00,78808.82566960008
2026-09-07 17:00:00,79010.94508390404
2026-09-07 18:00:00,79189.14613763412
2026-09-07 19:00:00,79189.57835780756
2026-09-07 20:00:00,79350.27915508901
2026-09-07 21:00:00,79221.03211974604
2026-09-07 22:00:00,79155.01031344378
2026-09-07 23:00:00,78929.34832981802
2026-09-08 00:00:00,79093.4641898418
2026-09-08 01:00:00,79283.87896071257
2026-09-08 02:00:00,79412.8683392289
2026-09-08 03:00:00,78927.12553007393
2026-09-08 04:00:00,78887.1165448371
2026-09-08 05:00:00,78673.40271116208
2026-09-08 06:00:00,78566.03602578767
2026-09-08 07:00:00,78312.37422202768
2026-09-08 08:00:00,78406.37269792361
2026-09-08 09:00:00,78385.0111839187
2026-09-08 10:00:00,78727.12427667958
2026-09-08 11:00:00,78558.18691040784
2026-09-08 12:00:00,78386.13393931472
2026-09-08 13:00:00,78409.80108857037
2026-09-08 14:00:00,77957.69056757812
2026-09-08 15:00:00,78535.15771615456
2026-09-08 16:00:00,78852.01355888146
2026-09-08 17:00:00,78725.02484173441
2026-09-08 18:00:00,78511.12695645604
2026-09-08 19:00:00,78433.71650549663
2026-09-08 20:00:00,78410.52447257999
2026-09-08 21:00:00,78486.82119285701
2026-09-08 22:00:00,78480.37882531529
2026-09-08 23:00:00,78548.73323714682
2026-09-09 00:00:00,78450.75303870205
2026-09-09 01:00:00,78765.28062823696
2026-09-09 02:00:00,78876.61242291593
2026-09-09 03:00:00,78722.42026766515
2026-09-09 04:00:00,78624.11881302243
2026-09-09 05:00:00,79152.37843329764
2026-09-09 06:00:00,78913.40216484082
2026-09-09 07:00:00,79134.18275483722
2026-09-09 08:00:00,79264.12405440492
2026-09-09 09:00:00,79648.44749750635
2026-09-09 10:00:00,78953.83979796141
2026-09-09 11:00:00,78929.69196056157
2026-09-09 12:00:00,79334.90005615221
2026-09-09 13:00:00,79585.53643963618
2026-09-09 14:00:00,79156.59892992607
2026-09-09 15:00:00,78949.21330811581
2026-09-09 16:00:00,78586.84561250768
2026-09-09 17:00:00,78776.6552648416
2026-09-09 18:00:00,78766.04541377799
2026-09-09 19:00:00,78422.80587151789
2026-09-09 20:00:00,78210.7750837399
2026-09-09 21:00:00,78276.30589419178
2026-09-09 22:00:00,78131.46075029431
2026-09-09 23:00:00,77927.77053945823
2026-09-10 00:00:00,78283.06047169256
2026-09-10 01:00:00,78149.71304106472
2026-09-10 02:00:00,78053.03021772805
2026-09-10 03:00:00,78329.34789117156
2026-09-10 04:00:00,78298.84095630288
2026-09-10 05:00:00,78359.56643893092
2026-09-10 06:00:00,78492.42936069884
2026-09-10 07:00:00,78404.78123386322
2026-09-10 08:00:00,78085.00301642863
2026-09-10 09:00:00,78096.6863270212
2026-09-10 10:00:00,77950.49641007504
2026-09-10 11:00:00,77851.89715450257
2026-09-10 12:00:00,77830.55557881067
2026-09-10 13:00:00,76869.04566482038
2026-09-10 14:00:00,77159.74831061267
2026-09-10 15:00:00,77359.53454949934
2026-09-10 16:00:00,77209.59163382856
2026-09-10 17:00:00,77153.0414263324
2026-09-10 18:00:00,77310.95724202666
2026-09-10 19:00:00,77212.77264242084
2026-09-10 20:00:00,77138.03985874755
2026-09-10 21:00:00,77246.2314640901
2026-09-10 22:00:00,77114.52711697944
2026-09-10 23:00:00,76817.93214328661
2026-09-11 00:00:00,76554.98664973286
2026-09-11 01:00:00,76879.28361560282
2026-09-11 02:00:00,76948.83827623757
2026-09-11 03:00:00,76824.79305692423
2026-09-11 04:00:00,76870.15788497053
2026-09-11 05:00:00,77091.2478782176
2026-09-11 06:00:00,77216.0609394737
2026-09-11 07:00:00,77261.37992526557
2026-09-11 08:00:00,77201.99730353012
2026-09-11 09:00:00,77335.06304883708
2026-09-11 10:00:00,77020.85406061342
2026-09-11 11:00:00,76968.87281415956
2026-09-11 12:00:00,76995.9749893298
2026-09-11 13:00:00,77960.78847453994
2026-09-11 14:00:00,79157.09397934795
2026-09-11 15:00:00,78783.77426720792
2026-09-11 16:00:00,77694.26915459464
2026-09-11 17:00:00,77917.11232828967
2026-09-11 18:00:00,77517.25102199247
2026-09-11 19:00:00,77036.83954890422
2026-09-11 20:00:00,77281.64507604482
2026-09-11 21:00:00,77315.11940187341
2026-09-11 22:00:00,77082.59662937514
2026-09-11 23:00:00,77128.66953731132
2026-09-12 00:00:00,77203.53444805603
2026-09-12 01:00:00,77276.52849901545
2026-09-12 02:00:00,77263.21057723957
2026-09-12 03:00:00,77256.74504889011
2026-09-12 04:00:00,77257.54865785275
2026-09-12 05:00:00,77213.83327769832
2026-09-12 06:00:00,77204.03182949341
2026-09-12 07:00:00,77277.42306540738
2026-09-12 08:00:00,77257.61617745076
2026-09-12 09:00:00,77342.538050849
2026-09-12 10:00:00,77330.8329850539
2026-09-12 11:00:00,77316.51970578285
2026-09-12 12:00:00,77340.17370771468
2026-09-12 13:00:00,77317.17427010927
2026-09-12 14:00:00,77346.67342745706
2026-09-12 15:00:00,77445.64426190322
2026-09-12 16:00:00,77366.92475804272
2026-09-12 17:00:00,77348.92912166193
2026-09-12 18:00:00,77193.15949246142
2026-09-12 19:00:00,77123.41691461387
2026-09-12 20:00:00,77113.63783668954
2026-09-12 21:00:00,77152.51919688155
2026-09-12 22:00:00,77245.60981926684
2026-09-12 23:00:00,77218.57922842517
2026-09-13 00:00:00,77261.62722069985
2026-09-13 01:00:00,77258.52592022326
2026-09-13 02:00:00,77302.98579705298
2026-09-13 02:44:00,77250.71366180005
